palabra,nlet,acen,ace_i,ace_f,voc,v_op,v_cl,repet,cons,p_alin,p_cons,v_ini,v_fin,cont_e,cont_a,cont_o,cont_s,cont_r,cont_n,cont_j,cont_m,cont_k,cont_w,propio
a,1,0,0,0,1,0,1,0,0,0,0,1,1,0,1,0,0,0,0,0,0,0,0,0.0
aaronita,8,0,0,0,5,1,4,1,3,5,4,1,1,0,3,1,0,1,1,0,0,0,0,0.0
aarónico,8,1,1,0,5,1,4,1,3,5,4,1,1,0,2,1,0,1,1,0,0,0,0,0.0
aba,3,0,0,0,2,0,2,0,1,2,1,1,1,0,2,0,0,0,0,0,0,0,0,0.0
ababa,5,0,0,0,3,0,3,0,2,4,2,1,1,0,3,0,0,0,0,0,0,0,0,0.0
ababillarse,11,0,0,0,5,1,4,1,6,6,-9,1,1,1,3,0,1,1,0,0,0,0,0,0.0
ababol,6,0,0,0,3,0,3,0,3,5,-3,1,0,0,2,1,0,0,0,0,0,0,0,0.0
abacal,6,0,0,0,3,0,3,0,3,5,-3,1,0,0,3,0,0,0,0,0,0,0,0,0.0
abacalero,9,0,0,0,5,0,5,0,4,8,4,1,1,1,3,1,0,1,0,0,0,0,0,0.0
abacero,7,0,0,0,4,0,4,0,3,6,3,1,1,1,2,1,0,1,0,0,0,0,0,0.0
abacería,8,1,0,1,5,1,4,0,3,5,10,1,1,1,3,0,0,1,0,0,0,0,0,0.0
abacial,7,0,0,0,4,1,3,0,3,4,1,1,0,0,3,0,0,0,0,0,0,0,0,0.0
abacora,7,0,0,0,4,0,4,0,3,6,3,1,1,0,3,1,0,1,0,0,0,0,0,0.0
abacorar,8,0,0,0,4,0,4,0,4,7,-4,1,0,0,3,1,0,2,0,0,0,0,0,0.0
abacá,5,1,0,1,3,0,3,0,2,4,2,1,1,0,2,0,0,0,0,0,0,0,0,0.0
abad,4,0,0,0,2,0,2,0,2,3,-2,1,0,0,2,0,0,0,0,0,0,0,0,0.0
abada,5,0,0,0,3,0,3,0,2,4,2,1,1,0,3,0,0,0,0,0,0,0,0,0.0
abadejo,7,0,0,0,4,0,4,0,3,6,3,1,1,1,2,1,0,0,0,1,0,0,0,0.0
abadengo,8,0,0,0,4,0,4,0,4,5,-2,1,1,1,2,1,0,0,1,0,0,0,0,0.0
abadernar,9,0,0,0,4,0,4,0,5,6,-10,1,0,1,3,0,0,2,1,0,0,0,0,0.0
abadesa,7,0,0,0,4,0,4,0,3,6,3,1,1,1,3,0,1,0,0,0,0,0,0,0.0
abadiado,8,0,0,0,5,1,4,0,3,5,8,1,1,0,3,1,0,0,0,0,0,0,0,0.0
abadiato,8,0,0,0,5,1,4,0,3,5,8,1,1,0,3,1,0,0,0,0,0,0,0,0.0
abadí,5,1,0,1,3,1,2,0,2,4,2,1,1,0,2,0,0,0,0,0,0,0,0,0.0
abadía,6,1,0,1,4,1,3,0,2,3,7,1,1,0,3,0,0,0,0,0,0,0,0,0.0
abajadero,9,0,0,0,5,0,5,0,4,8,4,1,1,1,3,1,0,1,0,1,0,0,0,0.0
abajamiento,11,0,0,0,6,1,5,0,5,6,3,1,1,1,3,1,0,0,1,1,1,0,0,0.0
abajar,6,0,0,0,3,0,3,0,3,5,-3,1,0,0,3,0,0,1,0,1,0,0,0,0.0
abajera,7,0,0,0,4,0,4,0,3,6,3,1,1,1,3,0,0,1,0,1,0,0,0,0.0
abajeño,7,0,0,0,4,0,4,0,3,6,3,1,1,1,2,1,0,0,0,1,0,0,0,0.0
abajo,5,0,0,0,3,0,3,0,2,4,2,1,1,0,2,1,0,0,0,1,0,0,0,0.0
abalada,7,0,0,0,4,0,4,0,3,6,3,1,1,0,4,0,0,0,0,0,0,0,0,0.0
abalanzar,9,0,0,0,4,0,4,0,5,6,-10,1,0,0,4,0,0,1,1,0,0,0,0,0.0
abalar,6,0,0,0,3,0,3,0,3,5,-3,1,0,0,3,0,0,1,0,0,0,0,0,0.0
abalaustrado,12,0,0,0,6,1,5,0,6,5,-4,1,1,0,4,1,1,1,0,0,0,0,0,0.0
abaldonadamente,15,0,0,0,7,0,7,0,8,10,-9,1,1,2,4,1,0,0,2,0,1,0,0,0.0
abaldonamiento,14,0,0,0,7,1,6,0,7,7,1,1,1,1,3,2,0,0,2,0,1,0,0,0.0
abaldonar,9,0,0,0,4,0,4,0,5,6,-8,1,0,0,3,1,0,1,1,0,0,0,0,0.0
abaleador,9,0,0,0,5,0,5,0,4,6,0,1,0,1,3,1,0,1,0,0,0,0,0,0.0
abaleadura,10,0,0,0,6,1,5,0,4,7,9,1,1,1,4,0,0,1,0,0,0,0,0,0.0
abalear,7,0,0,0,4,0,4,0,3,4,1,1,0,1,3,0,0,1,0,0,0,0,0,0.0
abaleo,6,0,0,0,4,0,4,0,2,3,7,1,1,1,2,1,0,0,0,0,0,0,0,0.0
abalizamiento,13,0,0,0,7,2,5,0,6,8,4,1,1,1,3,1,0,0,1,0,1,0,0,0.0
abalizar,8,0,0,0,4,1,3,0,4,7,-4,1,0,0,3,0,0,1,0,0,0,0,0,0.0
aballar,7,0,0,0,3,0,3,1,4,4,-7,1,0,0,3,0,0,1,0,0,0,0,0,0.0
aballestar,10,0,0,0,4,0,4,1,6,5,-15,1,0,1,3,0,1,1,0,0,0,0,0,0.0
abalorio,8,0,0,0,5,1,4,0,3,5,10,1,1,0,2,2,0,1,0,0,0,0,0,0.0
abaluartar,10,0,0,0,5,1,4,0,5,5,-7,1,0,0,4,0,0,2,0,0,0,0,0,0.0
abanador,8,0,0,0,4,0,4,0,4,7,-4,1,0,0,3,1,0,1,1,0,0,0,0,0.0
abanar,6,0,0,0,3,0,3,0,3,5,-3,1,0,0,3,0,0,1,1,0,0,0,0,0.0
abancalar,9,0,0,0,4,0,4,0,5,6,-8,1,0,0,4,0,0,1,1,0,0,0,0,0.0
abanderado,10,0,0,0,5,0,5,0,5,7,1,1,1,1,3,1,0,1,1,0,0,0,0,0.0
abanderamiento,14,0,0,0,7,1,6,0,7,7,1,1,1,2,3,1,0,1,2,0,1,0,0,0.0
abanderar,9,0,0,0,4,0,4,0,5,6,-8,1,0,1,3,0,0,2,1,0,0,0,0,0.0
abanderizador,13,0,0,0,6,1,5,0,7,10,-10,1,0,1,3,1,0,2,1,0,0,0,0,0.0
abanderizar,11,0,0,0,5,1,4,0,6,8,-9,1,0,1,3,0,0,2,1,0,0,0,0,0.0
abandonado,10,0,0,0,5,0,5,0,5,7,1,1,1,0,3,2,0,0,2,0,0,0,0,0.0
abandonamiento,14,0,0,0,7,1,6,0,7,7,1,1,1,1,3,2,0,0,3,0,1,0,0,0.0
abandonar,9,0,0,0,4,0,4,0,5,6,-8,1,0,0,3,1,0,1,2,0,0,0,0,0.0
abandonismo,11,0,0,0,5,1,4,0,6,6,-7,1,1,0,2,2,1,0,2,0,1,0,0,0.0
abandonista,11,0,0,0,5,1,4,0,6,6,-7,1,1,0,3,1,1,0,2,0,0,0,0,0.0
abandono,8,0,0,0,4,0,4,0,4,5,0,1,1,0,2,2,0,0,2,0,0,0,0,0.0
abanear,7,0,0,0,4,0,4,0,3,4,1,1,0,1,3,0,0,1,1,0,0,0,0,0.0
abanicar,8,0,0,0,4,1,3,0,4,7,-4,1,0,0,3,0,0,1,1,0,0,0,0,0.0
abanicazo,9,0,0,0,5,1,4,0,4,8,4,1,1,0,3,1,0,0,1,0,0,0,0,0.0
abanico,7,0,0,0,4,1,3,0,3,6,3,1,1,0,2,1,0,0,1,0,0,0,0,0.0
abanillo,8,0,0,0,4,1,3,1,4,5,-2,1,1,0,2,1,0,0,1,0,0,0,0,0.0
abanino,7,0,0,0,4,1,3,0,3,6,3,1,1,0,2,1,0,0,2,0,0,0,0,0.0
abaniqueo,9,0,0,0,6,2,4,0,3,4,18,1,1,1,2,1,0,0,1,0,0,0,0,0.0
abaniquero,10,0,0,0,6,2,4,0,4,7,11,1,1,1,2,1,0,1,1,0,0,0,0,0.0
abaniquería,11,1,0,1,7,3,4,0,4,6,21,1,1,1,3,0,0,1,1,0,0,0,0,0.0
abano,5,0,0,0,3,0,3,0,2,4,2,1,1,0,2,1,0,0,1,0,0,0,0,0.0
abanto,6,0,0,0,3,0,3,0,3,3,-1,1,1,0,2,1,0,0,1,0,0,0,0,0.0
abarajar,8,0,0,0,4,0,4,0,4,7,-4,1,0,0,4,0,0,2,0,1,0,0,0,0.0
abaratamiento,13,0,0,0,7,1,6,0,6,8,4,1,1,1,4,1,0,1,1,0,1,0,0,0.0
abaratar,8,0,0,0,4,0,4,0,4,7,-4,1,0,0,4,0,0,2,0,0,0,0,0,0.0
abarañar,8,0,0,0,4,0,4,0,4,7,-4,1,0,0,4,0,0,2,0,0,0,0,0,0.0
abarbechar,10,0,0,0,4,0,4,0,6,5,-15,1,0,1,3,0,0,2,0,0,0,0,0,0.0
abarbetar,9,0,0,0,4,0,4,0,5,6,-8,1,0,1,3,0,0,2,0,0,0,0,0,0.0
abarca,6,0,0,0,3,0,3,0,3,3,-1,1,1,0,3,0,0,1,0,0,0,0,0,0.0
abarcable,9,0,0,0,4,0,4,0,5,4,-6,1,1,1,3,0,0,1,0,0,0,0,0,0.0
abarcado,8,0,0,0,4,0,4,0,4,5,0,1,1,0,3,1,0,1,0,0,0,0,0,0.0
abarcador,9,0,0,0,4,0,4,0,5,6,-8,1,0,0,3,1,0,2,0,0,0,0,0,0.0
abarcadura,10,0,0,0,5,1,4,0,5,7,1,1,1,0,4,0,0,2,0,0,0,0,0,0.0
abarcamiento,12,0,0,0,6,1,5,0,6,5,0,1,1,1,3,1,0,1,1,0,1,0,0,0.0
abarcar,7,0,0,0,3,0,3,0,4,4,-7,1,0,0,3,0,0,2,0,0,0,0,0,0.0
abarcuzar,9,0,0,0,4,1,3,0,5,6,-8,1,0,0,3,0,0,2,0,0,0,0,0,0.0
abarcón,7,1,0,1,3,0,3,0,4,4,-7,1,0,0,2,0,0,1,1,0,0,0,0,0.0
abareque,8,0,0,0,5,1,4,0,3,5,10,1,1,2,2,0,0,1,0,0,0,0,0,0.0
abaritonado,11,0,0,0,6,1,5,0,5,10,5,1,1,0,3,2,0,1,1,0,0,0,0,0.0
abarloar,8,0,0,0,4,0,4,0,4,3,-2,1,0,0,3,1,0,2,0,0,0,0,0,0.0
abarquero,9,0,0,0,5,1,4,0,4,4,6,1,1,1,2,1,0,2,0,0,0,0,0,0.0
abarquillado,12,0,0,0,6,2,4,1,6,5,0,1,1,0,3,1,0,1,0,0,0,0,0,0.0
abarquillamiento,16,0,0,0,8,3,5,1,8,5,0,1,1,1,3,1,0,1,1,0,1,0,0,0.0
abarquillar,11,0,0,0,5,2,3,1,6,4,-11,1,0,0,3,0,0,2,0,0,0,0,0,0.0
abarracar,9,0,0,0,4,0,4,1,5,6,-8,1,0,0,4,0,0,3,0,0,0,0,0,0.0
abarrado,8,0,0,0,4,0,4,1,4,5,0,1,1,0,3,1,0,2,0,0,0,0,0,0.0
abarraganamiento,16,0,0,0,8,1,7,1,8,9,2,1,1,1,5,1,0,2,2,0,1,0,0,0.0
abarraganarse,13,0,0,0,6,0,6,1,7,8,-8,1,1,1,5,0,1,3,1,0,0,0,0,0.0
abarrajado,10,0,0,0,5,0,5,1,5,7,1,1,1,0,4,1,0,2,0,1,0,0,0,0.0
abarrajar,9,0,0,0,4,0,4,1,5,6,-8,1,0,0,4,0,0,3,0,1,0,0,0,0.0
abarramiento,12,0,0,0,6,1,5,1,6,5,0,1,1,1,3,1,0,2,1,0,1,0,0,0.0
abarrancadero,13,0,0,0,6,0,6,1,7,8,-4,1,1,1,4,1,0,3,1,0,0,0,0,0.0
abarrancamiento,15,0,0,0,7,1,6,1,8,6,-5,1,1,1,4,1,0,2,2,0,1,0,0,0.0
abarrancar,10,0,0,0,4,0,4,1,6,5,-15,1,0,0,4,0,0,3,1,0,0,0,0,0.0
abarrar,7,0,0,0,3,0,3,1,4,4,-7,1,0,0,3,0,0,3,0,0,0,0,0,0.0
abarraz,7,0,0,0,3,0,3,1,4,4,-7,1,0,0,3,0,0,2,0,0,0,0,0,0.0
abarredera,10,0,0,0,5,0,5,1,5,7,1,1,1,2,3,0,0,3,0,0,0,0,0,0.0
abarrenar,9,0,0,0,4,0,4,1,5,6,-8,1,0,1,3,0,0,3,1,0,0,0,0,0.0
abarrer,7,0,0,0,3,0,3,1,4,4,-7,1,0,1,2,0,0,3,0,0,0,0,0,0.0
abarrisco,9,0,0,0,4,1,3,1,5,4,-6,1,1,0,2,1,1,2,0,0,0,0,0,0.0
abarrotar,9,0,0,0,4,0,4,1,5,6,-8,1,0,0,3,1,0,3,0,0,0,0,0,0.0
abarrote,8,0,0,0,4,0,4,1,4,5,0,1,1,1,2,1,0,2,0,0,0,0,0,0.0
abarrotero,10,0,0,0,5,0,5,1,5,7,1,1,1,1,2,2,0,3,0,0,0,0,0,0.0
abarrotería,11,1,0,1,6,1,5,1,5,6,11,1,1,1,3,1,0,3,0,0,0,0,0,0.0
abarse,6,0,0,0,3,0,3,0,3,3,-1,1,1,1,2,0,1,1,0,0,0,0,0,0.0
abastadamente,13,0,0,0,6,0,6,0,7,8,-8,1,1,2,4,0,1,0,1,0,1,0,0,0.0
abastamiento,12,0,0,0,6,1,5,0,6,5,0,1,1,1,3,1,1,0,1,0,1,0,0,0.0
abastante,9,0,0,0,4,0,4,0,5,4,-6,1,1,1,3,0,1,0,1,0,0,0,0,0.0
abastanza,9,0,0,0,4,0,4,0,5,4,-6,1,1,0,4,0,1,0,1,0,0,0,0,0.0
abastar,7,0,0,0,3,0,3,0,4,4,-7,1,0,0,3,0,1,1,0,0,0,0,0,0.0
abastardar,10,0,0,0,4,0,4,0,6,5,-15,1,0,0,4,0,1,2,0,0,0,0,0,0.0
abastecedor,11,0,0,0,5,0,5,0,6,8,-9,1,0,2,2,1,1,1,0,0,0,0,0,0.0
abastecer,9,0,0,0,4,0,4,0,5,6,-8,1,0,2,2,0,1,1,0,0,0,0,0,0.0
abastecimiento,14,0,0,0,7,2,5,0,7,7,1,1,1,2,2,1,1,0,1,0,1,0,0,0.0
abastero,8,0,0,0,4,0,4,0,4,5,0,1,1,1,2,1,1,1,0,0,0,0,0,0.0
abastimiento,12,0,0,0,6,2,4,0,6,5,0,1,1,1,2,1,1,0,1,0,1,0,0,0.0
abastionar,10,0,0,0,5,1,4,0,5,5,-3,1,0,0,3,1,1,1,1,0,0,0,0,0.0
abasto,6,0,0,0,3,0,3,0,3,3,-1,1,1,0,2,1,1,0,0,0,0,0,0,0.0
abasí,5,1,0,1,3,1,2,0,2,4,2,1,1,0,2,0,1,0,0,0,0,0,0,0.0
abatanado,9,0,0,0,5,0,5,0,4,8,4,1,1,0,4,1,0,0,1,0,0,0,0,0.0
abatanar,8,0,0,0,4,0,4,0,4,7,-4,1,0,0,4,0,0,1,1,0,0,0,0,0.0
abatatamiento,13,0,0,0,7,1,6,0,6,8,4,1,1,1,4,1,0,0,1,0,1,0,0,0.0
abatatar,8,0,0,0,4,0,4,0,4,7,-4,1,0,0,4,0,0,1,0,0,0,0,0,0.0
abate,5,0,0,0,3,0,3,0,2,4,2,1,1,1,2,0,0,0,0,0,0,0,0,0.0
abatible,8,0,0,0,4,1,3,0,4,5,-2,1,1,1,2,0,0,0,0,0,0,0,0,0.0
abatidero,9,0,0,0,5,1,4,0,4,8,4,1,1,1,2,1,0,1,0,0,0,0,0,0.0
abatido,7,0,0,0,4,1,3,0,3,6,3,1,1,0,2,1,0,0,0,0,0,0,0,0.0
abatidura,9,0,0,0,5,2,3,0,4,8,4,1,1,0,3,0,0,1,0,0,0,0,0,0.0
abatimiento,11,0,0,0,6,2,4,0,5,6,3,1,1,1,2,1,0,0,1,0,1,0,0,0.0
abatir,6,0,0,0,3,1,2,0,3,5,-3,1,0,0,2,0,0,1,0,0,0,0,0,0.0
abatismo,8,0,0,0,4,1,3,0,4,5,-2,1,1,0,2,1,1,0,0,0,1,0,0,0.0
abatojar,8,0,0,0,4,0,4,0,4,7,-4,1,0,0,3,1,0,1,0,1,0,0,0,0.0
abatí,5,1,0,1,3,1,2,0,2,4,2,1,1,0,2,0,0,0,0,0,0,0,0,0.0
abayado,7,0,0,0,4,0,4,0,3,6,3,1,1,0,3,1,0,0,0,0,0,0,0,0.0
abazón,6,1,0,1,3,0,3,0,3,5,-3,1,0,0,2,0,0,0,1,0,0,0,0,0.0
abañador,8,0,0,0,4,0,4,0,4,7,-4,1,0,0,3,1,0,1,0,0,0,0,0,0.0
abañadura,9,0,0,0,5,1,4,0,4,8,4,1,1,0,4,0,0,1,0,0,0,0,0,0.0
abañar,6,0,0,0,3,0,3,0,3,5,-3,1,0,0,3,0,0,1,0,0,0,0,0,0.0
abderitano,10,0,0,0,5,1,4,0,5,7,3,1,1,1,2,1,0,1,1,0,0,0,0,0.0
abdicación,10,1,0,1,5,2,3,0,5,5,1,1,0,0,2,0,0,0,1,0,0,0,0,0.0
abdicar,7,0,0,0,3,1,2,0,4,4,-5,1,0,0,2,0,0,1,0,0,0,0,0,0.0
abdicativamente,15,0,0,0,7,2,5,0,8,10,-7,1,1,2,3,0,0,0,1,0,1,0,0,0.0
abdicativo,10,0,0,0,5,2,3,0,5,7,3,1,1,0,2,1,0,0,0,0,0,0,0,0.0
abdomen,7,0,0,0,3,0,3,0,4,4,-5,1,0,1,1,1,0,0,1,0,1,0,0,0.0
abdominal,9,0,0,0,4,1,3,0,5,6,-6,1,0,0,2,1,0,0,1,0,1,0,0,0.0
abducción,9,1,0,1,4,2,2,1,5,2,-4,1,0,0,1,0,0,0,1,0,0,0,0,0.0
abductor,8,0,0,0,3,1,2,0,5,3,-10,1,0,0,1,1,0,1,0,0,0,0,0,0.0
abecedario,10,0,0,0,6,1,5,0,4,7,13,1,1,2,2,1,0,1,0,0,0,0,0,0.0
abecé,5,1,0,1,3,0,3,0,2,4,2,1,1,1,1,0,0,0,0,0,0,0,0,0.0
abedul,6,0,0,0,3,1,2,0,3,5,-3,1,0,1,1,0,0,0,0,0,0,0,0,0.0
abeja,5,0,0,0,3,0,3,0,2,4,2,1,1,1,2,0,0,0,0,1,0,0,0,0.0
abejar,6,0,0,0,3,0,3,0,3,5,-3,1,0,1,2,0,0,1,0,1,0,0,0,0.0
abejarrón,9,1,0,1,4,0,4,1,5,6,-10,1,0,1,2,0,0,2,1,1,0,0,0,0.0
abejaruco,9,0,0,0,5,1,4,0,4,8,4,1,1,1,2,1,0,1,0,1,0,0,0,0.0
abejear,7,0,0,0,4,0,4,0,3,4,1,1,0,2,2,0,0,1,0,1,0,0,0,0.0
abejero,7,0,0,0,4,0,4,0,3,6,3,1,1,2,1,1,0,1,0,1,0,0,0,0.0
abejonear,9,0,0,0,5,0,5,0,4,6,2,1,0,2,2,1,0,1,1,1,0,0,0,0.0
abejoneo,8,0,0,0,5,0,5,0,3,5,10,1,1,2,1,2,0,0,1,1,0,0,0,0.0
abejorrear,10,0,0,0,5,0,5,1,5,5,-3,1,0,2,2,1,0,3,0,1,0,0,0,0.0
abejorreo,9,0,0,0,5,0,5,1,4,4,6,1,1,2,1,2,0,2,0,1,0,0,0,0.0
abejorro,8,0,0,0,4,0,4,1,4,5,-2,1,1,1,1,2,0,2,0,1,0,0,0,0.0
abejuno,7,0,0,0,4,1,3,0,3,6,3,1,1,1,1,1,0,0,1,1,0,0,0,0.0
abejón,6,1,0,1,3,0,3,0,3,5,-3,1,0,1,1,0,0,0,1,1,0,0,0,0.0
abeldar,7,0,0,0,3,0,3,0,4,4,-7,1,0,1,2,0,0,1,0,0,0,0,0,0.0
abellacado,10,0,0,0,5,0,5,1,5,7,1,1,1,1,3,1,0,0,0,0,0,0,0,0.0
abellacar,9,0,0,0,4,0,4,1,5,6,-8,1,0,1,3,0,0,1,0,0,0,0,0,0.0
abellota,8,0,0,0,4,0,4,1,4,5,0,1,1,1,2,1,0,0,0,0,0,0,0,0.0
abellotado,10,0,0,0,5,0,5,1,5,7,1,1,1,1,2,2,0,0,0,0,0,0,0,0.0
abelmosco,9,0,0,0,4,0,4,0,5,4,-6,1,1,1,1,2,1,0,0,0,1,0,0,0.0
abemoladamente,14,0,0,0,7,0,7,0,7,11,-5,1,1,3,3,1,0,0,1,0,2,0,0,0.0
abemolar,8,0,0,0,4,0,4,0,4,7,-4,1,0,1,2,1,0,1,0,0,1,0,0,0.0
abencerraje,11,0,0,0,5,0,5,1,6,6,-5,1,1,3,2,0,0,2,1,1,0,0,0,0.0
abenuz,6,0,0,0,3,1,2,0,3,5,-3,1,0,1,1,0,0,0,1,0,0,0,0,0.0
aberenjenado,12,0,0,0,6,0,6,0,6,9,0,1,1,3,2,1,0,1,2,1,0,0,0,0.0
aberración,10,1,0,1,5,1,4,1,5,5,-1,1,0,1,2,0,0,2,1,0,0,0,0,0.0
aberrante,9,0,0,0,4,0,4,1,5,4,-6,1,1,2,2,0,0,2,1,0,0,0,0,0.0
aberrar,7,0,0,0,3,0,3,1,4,4,-7,1,0,1,2,0,0,3,0,0,0,0,0,0.0
abertal,7,0,0,0,3,0,3,0,4,4,-7,1,0,1,2,0,0,1,0,0,0,0,0,0.0
abertura,8,0,0,0,4,1,3,0,4,5,0,1,1,1,2,0,0,2,0,0,0,0,0,0.0
aberzale,8,0,0,0,4,0,4,0,4,5,0,1,1,2,2,0,0,1,0,0,0,0,0,0.0
abesana,7,0,0,0,4,0,4,0,3,6,3,1,1,1,3,0,1,0,1,0,0,0,0,0.0
abestiado,9,0,0,0,5,1,4,0,4,4,6,1,1,1,2,1,1,0,0,0,0,0,0,0.0
abestializado,13,0,0,0,7,2,5,0,6,8,8,1,1,1,3,1,1,0,0,0,0,0,0,0.0
abesón,6,1,0,1,3,0,3,0,3,5,-3,1,0,1,1,0,1,0,1,0,0,0,0,0.0
abetal,6,0,0,0,3,0,3,0,3,5,-3,1,0,1,2,0,0,0,0,0,0,0,0,0.0
abetar,6,0,0,0,3,0,3,0,3,5,-3,1,0,1,2,0,0,1,0,0,0,0,0,0.0
abete,5,0,0,0,3,0,3,0,2,4,2,1,1,2,1,0,0,0,0,0,0,0,0,0.0
abetinote,9,0,0,0,5,1,4,0,4,8,4,1,1,2,1,1,0,0,1,0,0,0,0,0.0
abeto,5,0,0,0,3,0,3,0,2,4,2,1,1,1,1,1,0,0,0,0,0,0,0,0.0
abetuna,7,0,0,0,4,1,3,0,3,6,3,1,1,1,2,0,0,0,1,0,0,0,0,0.0
abetunado,9,0,0,0,5,1,4,0,4,8,4,1,1,1,2,1,0,0,1,0,0,0,0,0.0
abetunar,8,0,0,0,4,1,3,0,4,7,-4,1,0,1,2,0,0,1,1,0,0,0,0,0.0
abey,4,0,0,0,2,0,2,0,2,3,-2,1,0,1,1,0,0,0,0,0,0,0,0,0.0
abia,4,0,0,0,3,1,2,0,1,1,4,1,1,0,2,0,0,0,0,0,0,0,0,0.0
abiar,5,0,0,0,3,1,2,0,2,2,0,1,0,0,2,0,0,1,0,0,0,0,0,0.0
abibollo,8,0,0,0,4,1,3,1,4,5,-2,1,1,0,1,2,0,0,0,0,0,0,0,0.0
abicharse,9,0,0,0,4,1,3,0,5,4,-6,1,1,1,2,0,1,1,0,0,0,0,0,0.0
abierta,7,0,0,0,4,1,3,0,3,2,1,1,1,1,2,0,0,1,0,0,0,0,0,0.0
abiertamente,12,0,0,0,6,1,5,0,6,5,-6,1,1,3,2,0,0,1,1,0,1,0,0,0.0
abierto,7,0,0,0,4,1,3,0,3,2,1,1,1,1,1,1,0,1,0,0,0,0,0,0.0
abiete,6,0,0,0,4,1,3,0,2,3,5,1,1,2,1,0,0,0,0,0,0,0,0,0.0
abietino,8,0,0,0,5,2,3,0,3,5,6,1,1,1,1,1,0,0,1,0,0,0,0,0.0
abietáceo,9,1,0,1,6,1,5,0,3,4,14,1,1,2,1,1,0,0,0,0,0,0,0,0.0
abietíneo,9,1,0,1,6,2,4,0,3,4,14,1,1,2,1,1,0,0,1,0,0,0,0,0.0
abigarrado,10,0,0,0,5,1,4,1,5,7,-1,1,1,0,3,1,0,2,0,0,0,0,0,0.0
abigarramiento,14,0,0,0,7,2,5,1,7,7,-1,1,1,1,3,1,0,2,1,0,1,0,0,0.0
abigarrar,9,0,0,0,4,1,3,1,5,6,-10,1,0,0,3,0,0,3,0,0,0,0,0,0.0
abigeato,8,0,0,0,5,1,4,0,3,5,8,1,1,1,2,1,0,0,0,0,0,0,0,0.0
abigeo,6,0,0,0,4,1,3,0,2,3,7,1,1,1,1,1,0,0,0,0,0,0,0,0.0
abigotado,9,0,0,0,5,1,4,0,4,8,4,1,1,0,2,2,0,0,0,0,0,0,0,0.0
abinar,6,0,0,0,3,1,2,0,3,5,-3,1,0,0,2,0,0,1,1,0,0,0,0,0.0
abintestato,11,0,0,0,5,1,4,0,6,6,-5,1,1,1,2,1,1,0,1,0,0,0,0,0.0
abiogénesis,11,1,1,0,6,2,4,0,5,8,-3,1,0,1,1,1,2,0,1,0,0,0,0,0.0
abipón,6,1,0,1,3,1,2,0,3,5,-3,1,0,0,1,0,0,0,1,0,0,0,0,0.0
abisagrar,9,0,0,0,4,1,3,0,5,6,-10,1,0,0,3,0,1,2,0,0,0,0,0,0.0
abisal,6,0,0,0,3,1,2,0,3,5,-3,1,0,0,2,0,1,0,0,0,0,0,0,0.0
abiselar,8,0,0,0,4,1,3,0,4,7,-4,1,0,1,2,0,1,1,0,0,0,0,0,0.0
abisinio,8,0,0,0,5,3,2,0,3,5,10,1,1,0,1,1,1,0,1,0,0,0,0,0.0
abismado,8,0,0,0,4,1,3,0,4,5,0,1,1,0,2,1,1,0,0,0,1,0,0,0.0
abismal,7,0,0,0,3,1,2,0,4,4,-7,1,0,0,2,0,1,0,0,0,1,0,0,0.0
abismar,7,0,0,0,3,1,2,0,4,4,-7,1,0,0,2,0,1,1,0,0,1,0,0,0.0
abismo,6,0,0,0,3,1,2,0,3,3,-1,1,1,0,1,1,1,0,0,0,1,0,0,0.0
abismático,10,1,1,0,5,2,3,0,5,7,1,1,1,0,1,1,1,0,0,0,1,0,0,0.0
abiso,5,0,0,0,3,1,2,0,2,4,2,1,1,0,1,1,1,0,0,0,0,0,0,0.0
abita,5,0,0,0,3,1,2,0,2,4,2,1,1,0,2,0,0,0,0,0,0,0,0,0.0
abitadura,9,0,0,0,5,2,3,0,4,8,4,1,1,0,3,0,0,1,0,0,0,0,0,0.0
abitaque,8,0,0,0,5,2,3,0,3,5,10,1,1,1,2,0,0,0,0,0,0,0,0,0.0
abitar,6,0,0,0,3,1,2,0,3,5,-3,1,0,0,2,0,0,1,0,0,0,0,0,0.0
abitón,6,1,0,1,3,1,2,0,3,5,-3,1,0,0,1,0,0,0,1,0,0,0,0,0.0
abizcochado,11,0,0,0,5,1,4,0,6,6,-5,1,1,0,2,2,0,0,0,0,0,0,0,0.0
abiótico,8,1,1,0,5,2,3,0,3,5,6,1,1,0,1,1,0,0,0,0,0,0,0,0.0
abjuración,10,1,0,1,5,2,3,0,5,5,1,1,0,0,2,0,0,1,1,1,0,0,0,0.0
abjurar,7,0,0,0,3,1,2,0,4,4,-5,1,0,0,2,0,0,2,0,1,0,0,0,0.0
ablación,8,1,0,1,4,1,3,0,4,3,0,1,0,0,2,0,0,0,1,0,0,0,0,0.0
ablandabrevas,13,0,0,0,5,0,5,0,8,6,-20,1,0,1,4,0,1,1,1,0,0,0,0,0.0
ablandador,10,0,0,0,4,0,4,0,6,5,-11,1,0,0,3,1,0,1,1,0,0,0,0,0.0
ablandahígos,12,1,0,1,5,1,4,0,7,7,-12,1,0,0,3,1,1,0,1,0,0,0,0,0.0
ablandamiento,13,0,0,0,6,1,5,0,7,4,-2,1,1,1,3,1,0,0,2,0,1,0,0,0.0
ablandar,8,0,0,0,3,0,3,0,5,3,-10,1,0,0,3,0,0,1,1,0,0,0,0,0.0
ablandativo,11,0,0,0,5,1,4,0,6,6,-1,1,1,0,3,1,0,0,1,0,0,0,0,0.0
ablande,7,0,0,0,3,0,3,0,4,2,-3,1,1,1,2,0,0,0,1,0,0,0,0,0.0
ablandecer,10,0,0,0,4,0,4,0,6,5,-11,1,0,2,2,0,0,1,1,0,0,0,0,0.0
ablanedo,8,0,0,0,4,0,4,0,4,5,2,1,1,1,2,1,0,0,1,0,0,0,0,0.0
ablano,6,0,0,0,3,0,3,0,3,3,1,1,1,0,2,1,0,0,1,0,0,0,0,0.0
ablativo,8,0,0,0,4,1,3,0,4,5,2,1,1,0,2,1,0,0,0,0,0,0,0,0.0
ablegado,8,0,0,0,4,0,4,0,4,5,2,1,1,1,2,1,0,0,0,0,0,0,0,0.0
ablentador,10,0,0,0,4,0,4,0,6,5,-11,1,0,1,2,1,0,1,1,0,0,0,0,0.0
ablentar,8,0,0,0,3,0,3,0,5,3,-10,1,0,1,2,0,0,1,1,0,0,0,0,0.0
ablución,8,1,0,1,4,2,2,0,4,3,0,1,0,0,1,0,0,0,1,0,0,0,0,0.0
ablusado,8,0,0,0,4,1,3,0,4,5,2,1,1,0,2,1,1,0,0,0,0,0,0,0.0
abnegación,10,1,0,1,5,1,4,0,5,5,1,1,0,1,2,0,0,0,2,0,0,0,0,0.0
abnegado,8,0,0,0,4,0,4,0,4,5,2,1,1,1,2,1,0,0,1,0,0,0,0,0.0
abnegar,7,0,0,0,3,0,3,0,4,4,-5,1,0,1,2,0,0,1,1,0,0,0,0,0.0
abobado,7,0,0,0,4,0,4,0,3,6,3,1,1,0,2,2,0,0,0,0,0,0,0,0.0
abobamiento,11,0,0,0,6,1,5,0,5,6,3,1,1,1,2,2,0,0,1,0,1,0,0,0.0
abobar,6,0,0,0,3,0,3,0,3,5,-3,1,0,0,2,1,0,1,0,0,0,0,0,0.0
abobra,6,0,0,0,3,0,3,0,3,3,-1,1,1,0,2,1,0,1,0,0,0,0,0,0.0
abocadear,9,0,0,0,5,0,5,0,4,6,2,1,0,1,3,1,0,1,0,0,0,0,0,0.0
abocado,7,0,0,0,4,0,4,0,3,6,3,1,1,0,2,2,0,0,0,0,0,0,0,0.0
abocamiento,11,0,0,0,6,1,5,0,5,6,3,1,1,1,2,2,0,0,1,0,1,0,0,0.0
abocanar,8,0,0,0,4,0,4,0,4,7,-4,1,0,0,3,1,0,1,1,0,0,0,0,0.0
abocar,6,0,0,0,3,0,3,0,3,5,-3,1,0,0,2,1,0,1,0,0,0,0,0,0.0
abocardado,10,0,0,0,5,0,5,0,5,7,-1,1,1,0,3,2,0,1,0,0,0,0,0,0.0
abocardar,9,0,0,0,4,0,4,0,5,6,-10,1,0,0,3,1,0,2,0,0,0,0,0,0.0
abocardo,8,0,0,0,4,0,4,0,4,5,-2,1,1,0,2,2,0,1,0,0,0,0,0,0.0
abocelado,9,0,0,0,5,0,5,0,4,8,4,1,1,1,2,2,0,0,0,0,0,0,0,0.0
abocetado,9,0,0,0,5,0,5,0,4,8,4,1,1,1,2,2,0,0,0,0,0,0,0,0.0
abocetamiento,13,0,0,0,7,1,6,0,6,8,4,1,1,2,2,2,0,0,1,0,1,0,0,0.0
abocetar,8,0,0,0,4,0,4,0,4,7,-4,1,0,1,2,1,0,1,0,0,0,0,0,0.0
abochornado,11,0,0,0,5,0,5,0,6,6,-5,1,1,0,2,3,0,1,1,0,0,0,0,0.0
abochornar,10,0,0,0,4,0,4,0,6,5,-15,1,0,0,2,2,0,2,1,0,0,0,0,0.0
abocinado,9,0,0,0,5,1,4,0,4,8,4,1,1,0,2,2,0,0,1,0,0,0,0,0.0
abocinamiento,13,0,0,0,7,2,5,0,6,8,4,1,1,1,2,2,0,0,2,0,1,0,0,0.0
abocinar,8,0,0,0,4,1,3,0,4,7,-4,1,0,0,2,1,0,1,1,0,0,0,0,0.0
abofado,7,0,0,0,4,0,4,0,3,6,3,1,1,0,2,2,0,0,0,0,0,0,0,0.0
abofarse,8,0,0,0,4,0,4,0,4,5,-2,1,1,1,2,1,1,1,0,0,0,0,0,0.0
abofeteador,11,0,0,0,6,0,6,0,5,8,1,1,0,2,2,2,0,1,0,0,0,0,0,0.0
abofetear,9,0,0,0,5,0,5,0,4,6,2,1,0,2,2,1,0,1,0,0,0,0,0,0.0
abogacía,8,1,0,1,5,1,4,0,3,5,10,1,1,0,3,1,0,0,0,0,0,0,0,0.0
abogaderas,10,0,0,0,5,0,5,0,5,9,-5,1,0,1,3,1,1,1,0,0,0,0,0,0.0
abogadesco,10,0,0,0,5,0,5,0,5,7,-3,1,1,1,2,2,1,0,0,0,0,0,0,0.0
abogadil,8,0,0,0,4,1,3,0,4,7,-4,1,0,0,2,1,0,0,0,0,0,0,0,0.0
abogadismo,10,0,0,0,5,1,4,0,5,7,-3,1,1,0,2,2,1,0,0,0,1,0,0,0.0
abogado,7,0,0,0,4,0,4,0,3,6,3,1,1,0,2,2,0,0,0,0,0,0,0,0.0
abogador,8,0,0,0,4,0,4,0,4,7,-4,1,0,0,2,2,0,1,0,0,0,0,0,0.0
abogamiento,11,0,0,0,6,1,5,0,5,6,3,1,1,1,2,2,0,0,1,0,1,0,0,0.0
abogar,6,0,0,0,3,0,3,0,3,5,-3,1,0,0,2,1,0,1,0,0,0,0,0,0.0
abohetado,9,0,0,0,5,0,5,0,4,8,4,1,1,1,2,2,0,0,0,0,0,0,0,0.0
abolaga,7,0,0,0,4,0,4,0,3,6,3,1,1,0,3,1,0,0,0,0,0,0,0,0.0
abolengo,8,0,0,0,4,0,4,0,4,5,-2,1,1,1,1,2,0,0,1,0,0,0,0,0.0
abolicionismo,13,0,0,0,7,3,4,0,6,8,2,1,1,0,1,3,1,0,1,0,1,0,0,0.0
abolicionista,13,0,0,0,7,3,4,0,6,8,2,1,1,0,2,2,1,0,1,0,0,0,0,0.0
abolición,9,1,0,1,5,2,3,0,4,6,2,1,0,0,1,1,0,0,1,0,0,0,0,0.0
abolir,6,0,0,0,3,1,2,0,3,5,-3,1,0,0,1,1,0,1,0,0,0,0,0,0.0
abollado,8,0,0,0,4,0,4,1,4,5,0,1,1,0,2,2,0,0,0,0,0,0,0,0.0
abolladura,10,0,0,0,5,1,4,1,5,7,1,1,1,0,3,1,0,1,0,0,0,0,0,0.0
abollar,7,0,0,0,3,0,3,1,4,4,-7,1,0,0,2,1,0,1,0,0,0,0,0,0.0
abollonar,9,0,0,0,4,0,4,1,5,6,-8,1,0,0,2,2,0,1,1,0,0,0,0,0.0
abollón,7,1,0,1,3,0,3,1,4,4,-7,1,0,0,1,1,0,0,1,0,0,0,0,0.0
abolorio,8,0,0,0,5,1,4,0,3,5,10,1,1,0,1,3,0,1,0,0,0,0,0,0.0
abolsado,8,0,0,0,4,0,4,0,4,5,0,1,1,0,2,2,1,0,0,0,0,0,0,0.0
abolsarse,9,0,0,0,4,0,4,0,5,4,-6,1,1,1,2,1,2,1,0,0,0,0,0,0.0
abomaso,7,0,0,0,4,0,4,0,3,6,3,1,1,0,2,2,1,0,0,0,1,0,0,0.0
abombado,8,0,0,0,4,0,4,0,4,5,0,1,1,0,2,2,0,0,0,0,1,0,0,0.0
abombamiento,12,0,0,0,6,1,5,0,6,5,0,1,1,1,2,2,0,0,1,0,2,0,0,0.0
abombar,7,0,0,0,3,0,3,0,4,4,-7,1,0,0,2,1,0,1,0,0,1,0,0,0.0
abominable,10,0,0,0,5,1,4,0,5,7,-3,1,1,1,2,1,0,0,1,0,1,0,0,0.0
abominación,11,1,0,1,6,2,4,0,5,8,3,1,0,0,2,1,0,0,2,0,1,0,0,0.0
abominar,8,0,0,0,4,1,3,0,4,7,-4,1,0,0,2,1,0,1,1,0,1,0,0,0.0
abonable,8,0,0,0,4,0,4,0,4,5,-2,1,1,1,2,1,0,0,1,0,0,0,0,0.0
abonado,7,0,0,0,4,0,4,0,3,6,3,1,1,0,2,2,0,0,1,0,0,0,0,0.0
abonador,8,0,0,0,4,0,4,0,4,7,-4,1,0,0,2,2,0,1,1,0,0,0,0,0.0
abonanza,8,0,0,0,4,0,4,0,4,5,-2,1,1,0,3,1,0,0,2,0,0,0,0,0.0
abonanzar,9,0,0,0,4,0,4,0,5,6,-10,1,0,0,3,1,0,1,2,0,0,0,0,0.0
abonar,6,0,0,0,3,0,3,0,3,5,-3,1,0,0,2,1,0,1,1,0,0,0,0,0.0
abonaré,7,1,0,1,4,0,4,0,3,6,3,1,1,0,2,1,0,1,1,0,0,0,0,0.0
abondado,8,0,0,0,4,0,4,0,4,5,0,1,1,0,2,2,0,0,1,0,0,0,0,0.0
abondamiento,12,0,0,0,6,1,5,0,6,5,0,1,1,1,2,2,0,0,2,0,1,0,0,0.0
abondar,7,0,0,0,3,0,3,0,4,4,-7,1,0,0,2,1,0,1,1,0,0,0,0,0.0
abondo,6,0,0,0,3,0,3,0,3,3,-1,1,1,0,1,2,0,0,1,0,0,0,0,0.0
abondoso,8,0,0,0,4,0,4,0,4,5,0,1,1,0,1,3,1,0,1,0,0,0,0,0.0
abonero,7,0,0,0,4,0,4,0,3,6,3,1,1,1,1,2,0,1,1,0,0,0,0,0.0
abono,5,0,0,0,3,0,3,0,2,4,2,1,1,0,1,2,0,0,1,0,0,0,0,0.0
aboquillado,11,0,0,0,6,2,4,1,5,6,3,1,1,0,2,2,0,0,0,0,0,0,0,0.0
aboquillar,10,0,0,0,5,2,3,1,5,5,-7,1,0,0,2,1,0,1,0,0,0,0,0,0.0
aboral,6,0,0,0,3,0,3,0,3,5,-3,1,0,0,2,1,0,1,0,0,0,0,0,0.0
abordable,9,0,0,0,4,0,4,0,5,4,-6,1,1,1,2,1,0,1,0,0,0,0,0,0.0
abordador,9,0,0,0,4,0,4,0,5,6,-8,1,0,0,2,2,0,2,0,0,0,0,0,0.0
abordaje,8,0,0,0,4,0,4,0,4,5,0,1,1,1,2,1,0,1,0,1,0,0,0,0.0
abordar,7,0,0,0,3,0,3,0,4,4,-7,1,0,0,2,1,0,2,0,0,0,0,0,0.0
abordo,6,0,0,0,3,0,3,0,3,3,-1,1,1,0,1,2,0,1,0,0,0,0,0,0.0
abordonar,9,0,0,0,4,0,4,0,5,6,-8,1,0,0,2,2,0,2,1,0,0,0,0,0.0
aborigen,8,0,0,0,4,1,3,0,4,7,-4,1,0,1,1,1,0,1,1,0,0,0,0,0.0
aborlonado,10,0,0,0,5,0,5,0,5,7,1,1,1,0,2,3,0,1,1,0,0,0,0,0.0
aborrachado,11,0,0,0,5,0,5,1,6,6,-5,1,1,0,3,2,0,2,0,0,0,0,0,0.0
aborrajarse,11,0,0,0,5,0,5,1,6,6,-7,1,1,1,3,1,1,3,0,1,0,0,0,0.0
aborrascarse,12,0,0,0,5,0,5,1,7,5,-14,1,1,1,3,1,2,3,0,0,0,0,0,0.0
aborrecedor,11,0,0,0,5,0,5,1,6,8,-9,1,0,2,1,2,0,3,0,0,0,0,0,0.0
aborrecer,9,0,0,0,4,0,4,1,5,6,-8,1,0,2,1,1,0,3,0,0,0,0,0,0.0
aborrecible,11,0,0,0,5,1,4,1,6,6,-7,1,1,2,1,1,0,2,0,0,0,0,0,0.0
aborrecimiento,14,0,0,0,7,2,5,1,7,7,1,1,1,2,1,2,0,2,1,0,1,0,0,0.0
aborregado,10,0,0,0,5,0,5,1,5,7,1,1,1,1,2,2,0,2,0,0,0,0,0,0.0
aborregarse,11,0,0,0,5,0,5,1,6,6,-7,1,1,2,2,1,1,3,0,0,0,0,0,0.0
aborrible,9,0,0,0,4,1,3,1,5,4,-6,1,1,1,1,1,0,2,0,0,0,0,0,0.0
aborrir,7,0,0,0,3,1,2,1,4,4,-7,1,0,0,1,1,0,3,0,0,0,0,0,0.0
aborronar,9,0,0,0,4,0,4,1,5,6,-8,1,0,0,2,2,0,3,1,0,0,0,0,0.0
aborso,6,0,0,0,3,0,3,0,3,3,-1,1,1,0,1,2,1,1,0,0,0,0,0,0.0
abortadura,10,0,0,0,5,1,4,0,5,7,1,1,1,0,3,1,0,2,0,0,0,0,0,0.0
abortamiento,12,0,0,0,6,1,5,0,6,5,0,1,1,1,2,2,0,1,1,0,1,0,0,0.0
abortar,7,0,0,0,3,0,3,0,4,4,-7,1,0,0,2,1,0,2,0,0,0,0,0,0.0
abortista,9,0,0,0,4,1,3,0,5,4,-6,1,1,0,2,1,1,1,0,0,0,0,0,0.0
abortivo,8,0,0,0,4,1,3,0,4,5,0,1,1,0,1,2,0,1,0,0,0,0,0,0.0
aborto,6,0,0,0,3,0,3,0,3,3,-1,1,1,0,1,2,0,1,0,0,0,0,0,0.0
abortón,7,1,0,1,3,0,3,0,4,4,-7,1,0,0,1,1,0,1,1,0,0,0,0,0.0
aborujar,8,0,0,0,4,1,3,0,4,7,-4,1,0,0,2,1,0,2,0,1,0,0,0,0.0
abotagamiento,13,0,0,0,7,1,6,0,6,8,4,1,1,1,3,2,0,0,1,0,1,0,0,0.0
Aarón,5,1,0,1,3,0,3,1,2,2,-2,1,0,0,2,0,0,1,1,0,0,0,0,1.0
Abdón,5,1,0,1,2,0,2,0,3,2,-4,1,0,0,1,0,0,0,1,0,0,0,0,1.0
Abel,4,0,0,0,2,0,2,0,2,3,-2,1,0,1,1,0,0,0,0,0,0,0,0,1.0
Abelardo,8,0,0,0,4,0,4,0,4,5,-2,1,1,1,2,1,0,1,0,0,0,0,0,1.0
Abrahán,7,1,0,1,3,0,3,0,4,4,-5,1,0,0,2,0,0,1,1,0,0,0,0,1.0
Absalón,7,1,0,1,3,0,3,0,4,4,-5,1,0,0,2,0,1,0,1,0,0,0,0,1.0
Acacio,6,0,0,0,4,1,3,0,2,3,7,1,1,0,2,1,0,0,0,0,0,0,0,1.0
Adalberto,9,0,0,0,4,0,4,0,5,4,-6,1,1,1,2,1,0,1,0,0,0,0,0,1.0
Adán,4,1,1,0,2,0,2,0,2,3,-2,1,0,0,1,0,0,0,1,0,0,0,0,1.0
Adela,5,0,0,0,3,0,3,0,2,4,2,1,1,1,2,0,0,0,0,0,0,0,0,1.0
Adelaida,8,0,0,0,5,1,4,0,3,5,8,1,1,1,3,0,0,0,0,0,0,0,0,1.0
Adolfo,6,0,0,0,3,0,3,0,3,3,-1,1,1,0,1,2,0,0,0,0,0,0,0,1.0
Adón,4,1,1,0,2,0,2,0,2,3,-2,1,0,0,1,0,0,0,1,0,0,0,0,1.0
Adrián,6,1,0,1,3,1,2,0,3,1,-1,1,0,0,1,0,0,1,1,0,0,0,0,1.0
Agustín,7,1,0,1,3,2,1,0,4,4,-7,1,0,0,1,0,1,0,1,0,0,0,0,1.0
Alberto,7,0,0,0,3,0,3,0,4,2,-3,1,1,1,1,1,0,1,0,0,0,0,0,1.0
Albina,6,0,0,0,3,1,2,0,3,3,1,1,1,0,2,0,0,0,1,0,0,0,0,1.0
Alejandro,9,0,0,0,4,0,4,0,5,4,-8,1,1,1,2,1,0,1,1,1,0,0,0,1.0
Alejo,5,0,0,0,3,0,3,0,2,4,2,1,1,1,1,1,0,0,0,1,0,0,0,1.0
Alfonso,7,0,0,0,3,0,3,0,4,2,-3,1,1,0,1,2,1,0,1,0,0,0,0,1.0
Alfredo,7,0,0,0,3,0,3,0,4,2,-1,1,1,1,1,1,0,1,0,0,0,0,0,1.0
Alicia,6,0,0,0,4,2,2,0,2,3,7,1,1,0,2,0,0,0,0,0,0,0,0,1.0
Alipio,6,0,0,0,4,2,2,0,2,3,7,1,1,0,1,1,0,0,0,0,0,0,0,1.0
Almudena,8,0,0,0,4,1,3,0,4,5,2,1,1,1,2,0,0,0,1,0,1,0,0,1.0
Alonso,6,0,0,0,3,0,3,0,3,3,-1,1,1,0,1,2,1,0,1,0,0,0,0,1.0
Álvaro,6,1,1,0,3,0,3,0,3,3,1,1,1,0,1,1,0,1,0,0,0,0,0,1.0
Amadeo,6,0,0,0,4,0,4,0,2,3,7,1,1,1,2,1,0,0,0,0,1,0,0,1.0
Amaro,5,0,0,0,3,0,3,0,2,4,2,1,1,0,2,1,0,1,0,0,1,0,0,1.0
Ambrosio,8,0,0,0,4,1,3,0,4,1,6,1,1,0,1,2,1,1,0,0,1,0,0,1.0
Amelia,6,0,0,0,4,1,3,0,2,3,7,1,1,1,2,0,0,0,0,0,1,0,0,1.0
Ana,3,0,0,0,2,0,2,0,1,2,1,1,1,0,2,0,0,0,1,0,0,0,0,1.0
Ananías,7,1,0,1,4,1,3,0,3,4,1,1,0,0,3,0,1,0,2,0,0,0,0,1.0
Anastasia,9,0,0,0,5,1,4,0,4,4,8,1,1,0,4,0,2,0,1,0,0,0,0,1.0
Anatolio,8,0,0,0,5,1,4,0,3,5,10,1,1,0,2,2,0,0,1,0,0,0,0,1.0
Andrés,6,1,0,1,2,0,2,0,4,1,-7,1,0,0,1,0,1,1,1,0,0,0,0,1.0
Ángel,5,1,1,0,2,0,2,0,3,2,-4,1,0,1,0,0,0,0,1,0,0,0,0,1.0
Aniano,6,0,0,0,4,1,3,0,2,3,5,1,1,0,2,1,0,0,2,0,0,0,0,1.0
Anselmo,7,0,0,0,3,0,3,0,4,2,-3,1,1,1,1,1,1,0,1,0,1,0,0,1.0
Antero,6,0,0,0,3,0,3,0,3,3,1,1,1,1,1,1,0,1,1,0,0,0,0,1.0
Antonio,7,0,0,0,4,1,3,0,3,2,7,1,1,0,1,2,0,0,2,0,0,0,0,1.0
Aquiles,7,0,0,0,4,2,2,0,3,4,-1,1,0,1,1,0,1,0,0,0,0,0,0,1.0
Araceli,7,0,0,0,4,1,3,0,3,6,3,1,1,1,2,0,0,1,0,0,0,0,0,1.0
Aránzazu,8,1,1,0,4,1,3,0,4,5,0,1,1,0,2,0,0,1,1,0,0,0,0,1.0
Arcadio,7,0,0,0,4,1,3,0,3,2,7,1,1,0,2,1,0,1,0,0,0,0,0,1.0
Aresio,6,0,0,0,4,1,3,0,2,3,7,1,1,1,1,1,1,1,0,0,0,0,0,1.0
Ariadna,7,0,0,0,4,1,3,0,3,2,1,1,1,0,3,0,0,1,1,0,0,0,0,1.0
Aristides,9,0,0,0,4,2,2,0,5,6,-8,1,0,1,1,0,2,1,0,0,0,0,0,1.0
Arnaldo,7,0,0,0,3,0,3,0,4,2,-3,1,1,0,2,1,0,1,1,0,0,0,0,1.0
Artemio,7,0,0,0,4,1,3,0,3,2,7,1,1,1,1,1,0,1,0,0,1,0,0,1.0
Arturo,6,0,0,0,3,1,2,0,3,3,1,1,1,0,1,1,0,2,0,0,0,0,0,1.0
Atanasio,8,0,0,0,5,1,4,0,3,5,10,1,1,0,3,1,1,0,1,0,0,0,0,1.0
Augusto,7,0,0,0,4,2,2,0,3,2,-1,1,1,0,1,1,1,0,0,0,0,0,0,1.0
Áurea,5,1,1,0,4,1,3,0,1,0,6,1,1,1,1,0,0,1,0,0,0,0,0,1.0
Aurelia,7,0,0,0,5,2,3,0,2,2,9,1,1,1,2,0,0,1,0,0,0,0,0,1.0
Aureliano,9,0,0,0,6,2,4,0,3,4,10,1,1,1,2,1,0,1,1,0,0,0,0,1.0
Aurelio,7,0,0,0,5,2,3,0,2,2,9,1,1,1,1,1,0,1,0,0,0,0,0,1.0
Baldomero,9,0,0,0,4,0,4,0,5,6,2,0,1,1,1,2,0,1,0,0,1,0,0,1.0
Balduino,8,0,0,0,4,2,2,0,4,3,6,0,1,0,1,1,0,0,1,0,0,0,0,1.0
Baltasar,8,0,0,0,3,0,3,0,5,5,-6,0,0,0,3,0,1,1,0,0,0,0,0,1.0
Bárbara,7,1,1,0,3,0,3,0,4,4,1,0,1,0,2,0,0,2,0,0,0,0,0,1.0
Bartolomé,9,1,0,1,4,0,4,0,5,6,2,0,1,0,1,2,0,1,0,0,1,0,0,1.0
Basileo,7,0,0,0,4,1,3,0,3,4,9,0,1,1,1,1,1,0,0,0,0,0,0,1.0
Beatriz,7,0,0,0,3,1,2,0,4,2,-5,0,0,1,1,0,0,1,0,0,0,0,0,1.0
Belén,5,1,0,1,2,0,2,0,3,4,-2,0,0,1,0,0,0,0,1,0,0,0,0,1.0
Beltrán,7,1,0,1,2,0,2,0,5,2,-9,0,0,1,0,0,0,1,1,0,0,0,0,1.0
Benedicto,9,0,0,0,4,1,3,0,5,6,-2,0,1,2,0,1,0,0,1,0,0,0,0,1.0
Benigno,7,0,0,0,3,1,2,0,4,4,-1,0,1,1,0,1,0,0,2,0,0,0,0,1.0
Benjamín,8,1,0,1,3,1,2,0,5,5,-6,0,0,1,1,0,0,0,2,1,1,0,0,1.0
Bernabé,7,1,0,1,3,0,3,0,4,4,1,0,1,1,1,0,0,1,1,0,0,0,0,1.0
Bernarda,8,0,0,0,3,0,3,0,5,3,-4,0,1,1,2,0,0,2,1,0,0,0,0,1.0
Bernardo,8,0,0,0,3,0,3,0,5,3,-4,0,1,1,1,1,0,2,1,0,0,0,0,1.0
Blanca,6,0,0,0,2,0,2,0,4,1,-1,0,1,0,2,0,0,0,1,0,0,0,0,1.0
Blas,4,0,0,0,1,0,1,0,3,1,-2,0,0,0,1,0,1,0,0,0,0,0,0,1.0
Bonifacio,9,0,0,0,5,2,3,0,4,6,12,0,1,0,1,2,0,0,1,0,0,0,0,1.0
Bruno,5,0,0,0,2,1,1,0,3,2,2,0,1,0,0,1,0,1,1,0,0,0,0,1.0
Calixto,7,0,0,0,3,1,2,0,4,4,-1,0,1,0,1,1,0,0,0,0,0,0,0,1.0
Camilo,6,0,0,0,3,1,2,0,3,5,3,0,1,0,1,1,0,0,0,0,1,0,0,1.0
Cándida,7,1,1,0,3,1,2,0,4,4,1,0,1,0,1,0,0,0,1,0,0,0,0,1.0
Carina,6,0,0,0,3,1,2,0,3,5,3,0,1,0,2,0,0,1,1,0,0,0,0,1.0
Carlos,6,0,0,0,2,0,2,0,4,3,-5,0,0,0,1,1,1,1,0,0,0,0,0,1.0
Carmen,6,0,0,0,2,0,2,0,4,3,-5,0,0,1,1,0,0,1,1,0,1,0,0,1.0
Casiano,7,0,0,0,4,1,3,0,3,4,7,0,1,0,2,1,1,0,1,0,0,0,0,1.0
Casimiro,8,0,0,0,4,2,2,0,4,7,4,0,1,0,1,1,1,1,0,0,1,0,0,1.0
Casio,5,0,0,0,3,1,2,0,2,2,6,0,1,0,1,1,1,0,0,0,0,0,0,1.0
Catalina,8,0,0,0,4,1,3,0,4,7,4,0,1,0,3,0,0,0,1,0,0,0,0,1.0
Cayetano,8,0,0,0,4,0,4,0,4,7,4,0,1,1,2,1,0,0,1,0,0,0,0,1.0
Cayo,4,0,0,0,2,0,2,0,2,3,2,0,1,0,1,1,0,0,0,0,0,0,0,1.0
Cecilia,7,0,0,0,4,2,2,0,3,4,9,0,1,1,1,0,0,0,0,0,0,0,0,1.0
Ceferino,8,0,0,0,4,1,3,0,4,7,4,0,1,2,0,1,0,1,1,0,0,0,0,1.0
Celina,6,0,0,0,3,1,2,0,3,5,3,0,1,1,1,0,0,0,1,0,0,0,0,1.0
Celso,5,0,0,0,2,0,2,0,3,2,0,0,1,1,0,1,1,0,0,0,0,0,0,1.0
Cesáreo,7,1,1,0,4,0,4,0,3,4,9,0,1,2,0,1,1,1,0,0,0,0,0,1.0
Cipriano,8,0,0,0,4,2,2,0,4,3,6,0,1,0,1,1,0,1,1,0,0,0,0,1.0
Cirilo,6,0,0,0,3,2,1,0,3,5,3,0,1,0,0,1,0,1,0,0,0,0,0,1.0
Cirino,6,0,0,0,3,2,1,0,3,5,3,0,1,0,0,1,0,1,1,0,0,0,0,1.0
Ciro,4,0,0,0,2,1,1,0,2,3,2,0,1,0,0,1,0,1,0,0,0,0,0,1.0
Claudio,7,0,0,0,4,2,2,0,3,0,11,0,1,0,1,1,0,0,0,0,0,0,0,1.0
Cleofás,7,1,0,1,3,0,3,0,4,2,-1,0,0,1,0,1,1,0,0,0,0,0,0,1.0
Clotilde,8,0,0,0,3,1,2,0,5,3,-2,0,1,1,0,1,0,0,0,0,0,0,0,1.0
Colombo,7,0,0,0,3,0,3,0,4,4,-1,0,1,0,0,3,0,0,0,0,1,0,0,1.0
Columba,7,0,0,0,3,1,2,0,4,4,-1,0,1,0,1,1,0,0,0,0,1,0,0,1.0
Columbano,9,0,0,0,4,1,3,0,5,6,0,0,1,0,1,2,0,0,1,0,1,0,0,1.0
Conrado,7,0,0,0,3,0,3,0,4,4,1,0,1,0,1,2,0,1,1,0,0,0,0,1.0
Constancio,10,0,0,0,4,1,3,0,6,1,1,0,1,0,1,2,1,0,2,0,0,0,0,1.0
Constantino,11,0,0,0,4,1,3,0,7,4,-7,0,1,0,1,2,1,0,3,0,0,0,0,1.0
Cosme,5,0,0,0,2,0,2,0,3,2,0,0,1,1,0,1,1,0,0,0,1,0,0,1.0
Cristina,8,0,0,0,3,2,1,0,5,3,0,0,1,0,1,0,1,1,1,0,0,0,0,1.0
Cristóbal,9,1,0,1,3,1,2,0,6,4,-8,0,0,0,1,0,1,1,0,0,0,0,0,1.0
Daciano,7,0,0,0,4,1,3,0,3,4,7,0,1,0,2,1,0,0,1,0,0,0,0,1.0
Dacio,5,0,0,0,3,1,2,0,2,2,6,0,1,0,1,1,0,0,0,0,0,0,0,1.0
Dámaso,6,1,1,0,3,0,3,0,3,5,3,0,1,0,1,1,1,0,0,0,1,0,0,1.0
Damián,6,1,0,1,3,1,2,0,3,3,1,0,0,0,1,0,0,0,1,0,1,0,0,1.0
Daniel,6,0,0,0,3,1,2,0,3,3,1,0,0,1,1,0,0,0,1,0,0,0,0,1.0
Dario,5,0,0,0,3,1,2,0,2,2,6,0,1,0,1,1,0,1,0,0,0,0,0,1.0
David,5,0,0,0,2,1,1,0,3,4,-2,0,0,0,1,0,0,0,0,0,0,0,0,1.0
Demócrito,9,1,1,0,4,1,3,0,5,6,0,0,1,1,0,1,0,1,0,0,1,0,0,1.0
Diego,5,0,0,0,3,1,2,0,2,2,4,0,1,1,0,1,0,0,0,0,0,0,0,1.0
Dimas,5,0,0,0,2,1,1,0,3,4,-2,0,0,0,1,0,1,0,0,0,1,0,0,1.0
Domingo,7,0,0,0,3,1,2,0,4,4,-1,0,1,0,0,2,0,0,1,0,1,0,0,1.0
Donato,6,0,0,0,3,0,3,0,3,5,3,0,1,0,1,2,0,0,1,0,0,0,0,1.0
Dorotea,7,0,0,0,4,0,4,0,3,4,9,0,1,1,1,2,0,1,0,0,0,0,0,1.0
Edgar,5,0,0,0,2,0,2,0,3,2,-4,1,0,1,1,0,0,1,0,0,0,0,0,1.0
Edmundo,7,0,0,0,3,1,2,0,4,2,-3,1,1,1,0,1,0,0,1,0,1,0,0,1.0
Eduardo,7,0,0,0,4,1,3,0,3,2,1,1,1,1,1,1,0,1,0,0,0,0,0,1.0
Eduvigis,8,0,0,0,4,3,1,0,4,7,-4,1,0,1,0,0,1,0,0,0,0,0,0,1.0
Efrén,5,1,0,1,2,0,2,0,3,2,-4,1,0,1,0,0,0,1,1,0,0,0,0,1.0
Elena,5,0,0,0,3,0,3,0,2,4,2,1,1,2,1,0,0,0,1,0,0,0,0,1.0
Elías,5,1,1,0,3,1,2,0,2,2,0,1,0,1,1,0,1,0,0,0,0,0,0,1.0
Elisa,5,0,0,0,3,1,2,0,2,4,2,1,1,1,1,0,1,0,0,0,0,0,0,1.0
Eliseo,6,0,0,0,4,1,3,0,2,3,7,1,1,2,0,1,1,0,0,0,0,0,0,1.0
Emiliano,8,0,0,0,5,2,3,0,3,5,8,1,1,1,1,1,0,0,1,0,1,0,0,1.0
Emilio,6,0,0,0,4,2,2,0,2,3,7,1,1,1,0,1,0,0,0,0,1,0,0,1.0
Enrique,7,0,0,0,4,2,2,0,3,2,7,1,1,2,0,0,0,1,1,0,0,0,0,1.0
Epifanía,8,1,0,1,5,2,3,0,3,5,10,1,1,1,2,0,0,0,1,0,0,0,0,1.0
Erico,5,0,0,0,3,1,2,0,2,4,2,1,1,1,0,1,0,1,0,0,0,0,0,1.0
Ernesto,7,0,0,0,3,0,3,0,4,2,-3,1,1,2,0,1,1,1,1,0,0,0,0,1.0
Esdras,6,0,0,0,2,0,2,0,4,1,-7,1,0,1,1,0,2,1,0,0,0,0,0,1.0
Esiquio,7,0,0,0,5,3,2,0,2,2,13,1,1,1,0,1,1,0,0,0,0,0,0,1.0
Esteban,7,0,0,0,3,0,3,0,4,4,-5,1,0,2,1,0,1,0,1,0,0,0,0,1.0
Ester,5,0,0,0,2,0,2,0,3,2,-4,1,0,2,0,0,1,1,0,0,0,0,0,1.0
Eugenia,7,0,0,0,5,2,3,0,2,2,9,1,1,2,1,0,0,0,1,0,0,0,0,1.0
Eulalia,7,0,0,0,5,2,3,0,2,2,9,1,1,1,2,0,0,0,0,0,0,0,0,1.0
Eusebio,7,0,0,0,5,2,3,0,2,2,9,1,1,2,0,1,1,0,0,0,0,0,0,1.0
Eva,3,0,0,0,2,0,2,0,1,2,1,1,1,1,1,0,0,0,0,0,0,0,0,1.0
Evaristo,8,0,0,0,4,1,3,0,4,5,-2,1,1,1,1,1,1,1,0,0,0,0,0,1.0
Ezequiel,8,0,0,0,5,2,3,0,3,3,6,1,0,3,0,0,0,0,0,0,0,0,0,1.0
Fabián,6,1,0,1,3,1,2,0,3,3,1,0,0,0,1,0,0,0,1,0,0,0,0,1.0
Fabio,5,0,0,0,3,1,2,0,2,2,6,0,1,0,1,1,0,0,0,0,0,0,0,1.0
Fabiola,7,0,0,0,4,1,3,0,3,4,7,0,1,0,2,1,0,0,0,0,0,0,0,1.0
Facundo,7,0,0,0,3,1,2,0,4,4,-1,0,1,0,1,1,0,0,1,0,0,0,0,1.0
Faustino,8,0,0,0,4,2,2,0,4,3,2,0,1,0,1,1,1,0,1,0,0,0,0,1.0
Fausto,6,0,0,0,3,1,2,0,3,1,1,0,1,0,1,1,1,0,0,0,0,0,0,1.0
Federico,8,0,0,0,4,1,3,0,4,7,4,0,1,2,0,1,0,1,0,0,0,0,0,1.0
Feliciano,9,0,0,0,5,2,3,0,4,6,10,0,1,1,1,1,0,0,1,0,0,0,0,1.0
Felipe,6,0,0,0,3,1,2,0,3,5,3,0,1,2,0,0,0,0,0,0,0,0,0,1.0
Félix,5,1,1,0,2,1,1,0,3,4,-2,0,0,0,0,0,0,0,0,0,0,0,0,1.0
Fermín,6,1,0,1,2,1,1,0,4,3,-5,0,0,1,0,0,0,1,1,0,1,0,0,1.0
Fernando,8,0,0,0,3,0,3,0,5,3,-4,0,1,1,1,1,0,1,2,0,0,0,0,1.0
Fidel,5,0,0,0,2,1,1,0,3,4,-2,0,0,1,0,0,0,0,0,0,0,0,0,1.0
Fortunato,9,0,0,0,4,1,3,0,5,6,2,0,1,0,1,2,0,1,1,0,0,0,0,1.0
Francisco,9,0,0,0,3,1,2,0,6,2,-6,0,1,0,1,1,1,1,1,0,0,0,0,1.0
Fulgencio,9,0,0,0,4,2,2,0,5,2,4,0,1,1,0,1,0,0,1,0,0,0,0,1.0
Gabriel,7,0,0,0,3,1,2,0,4,2,-1,0,0,1,1,0,0,1,0,0,0,0,0,1.0
Genoveva,8,0,0,0,4,0,4,0,4,7,4,0,1,2,1,1,0,0,1,0,0,0,0,1.0
Gerardo,7,0,0,0,3,0,3,0,4,4,-1,0,1,1,1,1,0,2,0,0,0,0,0,1.0
Germán,6,1,0,1,2,0,2,0,4,3,-5,0,0,1,0,0,0,1,1,0,1,0,0,1.0
Gertrudis,9,0,0,0,3,2,1,0,6,4,-10,0,0,1,0,0,1,2,0,0,0,0,0,1.0
Gisela,6,0,0,0,3,1,2,0,3,5,3,0,1,1,1,0,1,0,0,0,0,0,0,1.0
Godofredo,9,0,0,0,4,0,4,0,5,6,0,0,1,1,0,3,0,1,0,0,0,0,0,1.0
Gonzalo,7,0,0,0,3,0,3,0,4,4,1,0,1,0,1,2,0,0,1,0,0,0,0,1.0
Gregorio,8,0,0,0,4,1,3,0,4,3,10,0,1,1,0,2,0,2,0,0,0,0,0,1.0
Guadalupe,9,0,0,0,5,2,3,0,4,6,6,0,1,1,2,0,0,0,0,0,0,0,0,1.0
Guido,5,0,0,0,3,2,1,0,2,2,4,0,1,0,0,1,0,0,0,0,0,0,0,1.0
Guillermo,9,0,0,0,4,2,2,1,5,2,-4,0,1,1,0,1,0,1,0,0,1,0,0,1.0
Guzmán,6,1,0,1,2,1,1,0,4,3,-5,0,0,0,0,0,0,0,1,0,1,0,0,1.0
Heliodoro,9,0,0,0,5,1,4,0,4,6,8,0,1,1,0,3,0,1,0,0,0,0,0,1.0
Heraclio,8,0,0,0,4,1,3,0,4,3,6,0,1,1,1,1,0,1,0,0,0,0,0,1.0
Heriberto,9,0,0,0,4,1,3,0,5,6,-2,0,1,2,0,1,0,2,0,0,0,0,0,1.0
Hilarión,8,1,0,1,4,2,2,0,4,5,2,0,0,0,1,0,0,1,1,0,0,0,0,1.0
Hildegarda,10,0,0,0,4,1,3,0,6,5,-5,0,1,1,2,0,0,1,0,0,0,0,0,1.0
Homero,6,0,0,0,3,0,3,0,3,5,3,0,1,1,0,2,0,1,0,0,1,0,0,1.0
Honorato,8,0,0,0,4,0,4,0,4,7,4,0,1,0,1,3,0,1,1,0,0,0,0,1.0
Honorio,7,0,0,0,4,1,3,0,3,4,9,0,1,0,0,3,0,1,1,0,0,0,0,1.0
Hugo,4,0,0,0,2,1,1,0,2,3,2,0,1,0,0,1,0,0,0,0,0,0,0,1.0
Humberto,8,0,0,0,3,1,2,0,5,3,-4,0,1,1,0,1,0,1,0,0,1,0,0,1.0
Ifigenia,8,0,0,0,5,3,2,0,3,5,10,1,1,1,1,0,0,0,1,0,0,0,0,1.0
Ignacio,7,0,0,0,4,2,2,0,3,2,7,1,1,0,1,1,0,0,1,0,0,0,0,1.0
Ildefonso,9,0,0,0,4,1,3,0,5,4,-4,1,1,1,0,2,1,0,1,0,0,0,0,1.0
Inés,4,1,1,0,2,1,1,0,2,3,-2,1,0,0,0,0,1,0,1,0,0,0,0,1.0
Inmaculada,10,0,0,0,5,2,3,0,5,7,3,1,1,0,3,0,0,0,1,0,1,0,0,1.0
Inocencio,9,0,0,0,5,2,3,0,4,4,6,1,1,1,0,2,0,0,2,0,0,0,0,1.0
Irene,5,0,0,0,3,1,2,0,2,4,2,1,1,2,0,0,0,1,1,0,0,0,0,1.0
Ireneo,6,0,0,0,4,1,3,0,2,3,7,1,1,2,0,1,0,1,1,0,0,0,0,1.0
Isaac,5,0,0,0,3,1,2,1,2,2,0,1,0,0,2,0,1,0,0,0,0,0,0,1.0
Isabel,6,0,0,0,3,1,2,0,3,5,-3,1,0,1,1,0,1,0,0,0,0,0,0,1.0
Isaías,6,1,1,0,4,2,2,0,2,1,3,1,0,0,2,0,2,0,0,0,0,0,0,1.0
Ismael,6,0,0,0,3,1,2,0,3,1,-1,1,0,1,1,0,1,0,0,0,1,0,0,1.0
Jacinto,7,0,0,0,3,1,2,0,4,4,-1,0,1,0,1,1,0,0,1,1,0,0,0,1.0
Jacob,5,0,0,0,2,0,2,0,3,4,-2,0,0,0,1,1,0,0,0,1,0,0,0,1.0
Jacobo,6,0,0,0,3,0,3,0,3,5,3,0,1,0,1,2,0,0,0,1,0,0,0,1.0
Jaime,5,0,0,0,3,1,2,0,2,2,4,0,1,1,1,0,0,0,0,1,1,0,0,1.0
Javier,6,0,0,0,3,1,2,0,3,3,1,0,0,1,1,0,0,1,0,1,0,0,0,1.0
Jeremías,8,1,0,1,4,1,3,0,4,5,2,0,0,2,1,0,1,1,0,1,1,0,0,1.0
Jerónimo,8,1,1,0,4,1,3,0,4,7,4,0,1,1,0,1,0,1,1,1,1,0,0,1.0
Jesús,5,1,0,1,2,1,1,0,3,4,-2,0,0,1,0,0,2,0,0,1,0,0,0,1.0
Joaquím,7,1,0,1,4,2,2,0,3,2,3,0,0,0,1,1,0,0,0,1,1,0,0,1.0
Joel,4,0,0,0,2,0,2,0,2,1,0,0,0,1,0,1,0,0,0,1,0,0,0,1.0
Jonás,5,1,0,1,2,0,2,0,3,4,-2,0,0,0,0,1,1,0,1,1,0,0,0,1.0
Jorge,5,0,0,0,2,0,2,0,3,2,0,0,1,1,0,1,0,1,0,1,0,0,0,1.0
Josafat,7,0,0,0,3,0,3,0,4,6,-3,0,0,0,2,1,1,0,0,1,0,0,0,1.0
José,4,1,0,1,2,0,2,0,2,3,2,0,1,0,0,1,1,0,0,1,0,0,0,1.0
Josué,5,1,0,1,3,1,2,0,2,2,6,0,1,0,0,1,1,0,0,1,0,0,0,1.0
Juan,4,0,0,0,2,1,1,0,2,1,0,0,0,0,1,0,0,0,1,1,0,0,0,1.0
Julián,6,1,0,1,3,2,1,0,3,3,1,0,0,0,0,0,0,0,1,1,0,0,0,1.0
Justino,7,0,0,0,3,2,1,0,4,4,1,0,1,0,0,1,1,0,1,1,0,0,0,1.0
Juvenal,7,0,0,0,3,1,2,0,4,6,-3,0,0,1,1,0,0,0,1,1,0,0,0,1.0
Ladislao,8,0,0,0,4,1,3,0,4,3,6,0,1,0,2,1,1,0,0,0,0,0,0,1.0
Laura,5,0,0,0,3,1,2,0,2,2,4,0,1,0,2,0,0,1,0,0,0,0,0,1.0
Laureano,8,0,0,0,5,1,4,0,3,3,10,0,1,1,2,1,0,1,1,0,0,0,0,1.0
Lázaro,6,1,1,0,3,0,3,0,3,5,3,0,1,0,1,1,0,1,0,0,0,0,0,1.0
Leandro,7,0,0,0,3,0,3,0,4,0,-3,0,1,1,1,1,0,1,1,0,0,0,0,1.0
Leocadia,8,0,0,0,5,1,4,0,3,3,12,0,1,1,2,1,0,0,0,0,0,0,0,1.0
León,4,1,1,0,2,0,2,0,2,1,0,0,0,1,0,0,0,0,1,0,0,0,0,1.0
Leonardo,8,0,0,0,4,0,4,0,4,3,0,0,1,1,1,2,0,1,1,0,0,0,0,1.0
Leoncio,7,0,0,0,4,1,3,0,3,0,7,0,1,1,0,2,0,0,1,0,0,0,0,1.0
Leonor,6,0,0,0,3,0,3,0,3,3,-1,0,0,1,0,2,0,1,1,0,0,0,0,1.0
Leopoldo,8,0,0,0,4,0,4,0,4,3,0,0,1,1,0,3,0,0,0,0,0,0,0,1.0
Lidia,5,0,0,0,3,2,1,0,2,2,6,0,1,0,1,0,0,0,0,0,0,0,0,1.0
Liduvina,8,0,0,0,4,3,1,0,4,7,4,0,1,0,1,0,0,0,1,0,0,0,0,1.0
Lino,4,0,0,0,2,1,1,0,2,3,2,0,1,0,0,1,0,0,1,0,0,0,0,1.0
Lorenzo,7,0,0,0,3,0,3,0,4,4,-1,0,1,1,0,2,0,1,1,0,0,0,0,1.0
Lucano,6,0,0,0,3,1,2,0,3,5,3,0,1,0,1,1,0,0,1,0,0,0,0,1.0
Lucas,5,0,0,0,2,1,1,0,3,4,-2,0,0,0,1,0,1,0,0,0,0,0,0,1.0
Lucía,5,1,0,1,3,2,1,0,2,2,6,0,1,0,1,0,0,0,0,0,0,0,0,1.0
Luciano,7,0,0,0,4,2,2,0,3,4,7,0,1,0,1,1,0,0,1,0,0,0,0,1.0
Lucrecia,8,0,0,0,4,2,2,0,4,3,8,0,1,1,1,0,0,1,0,0,0,0,0,1.0
Luis,4,0,0,0,2,2,0,0,2,1,0,0,0,0,0,0,1,0,0,0,0,0,0,1.0
Macario,7,0,0,0,4,1,3,0,3,4,9,0,1,0,2,1,0,1,0,0,1,0,0,1.0
Magdalena,9,0,0,0,4,0,4,0,5,6,2,0,1,1,3,0,0,0,1,0,1,0,0,1.0
Manuel,6,0,0,0,3,1,2,0,3,3,1,0,0,1,1,0,0,0,1,0,1,0,0,1.0
Marcelino,9,0,0,0,4,1,3,0,5,6,2,0,1,1,1,1,0,1,1,0,1,0,0,1.0
Marcelo,7,0,0,0,3,0,3,0,4,4,1,0,1,1,1,1,0,1,0,0,1,0,0,1.0
Marcial,7,0,0,0,3,1,2,0,4,2,-1,0,0,0,2,0,0,1,0,0,1,0,0,1.0
Marciano,8,0,0,0,4,1,3,0,4,3,6,0,1,0,2,1,0,1,1,0,1,0,0,1.0
Marcos,6,0,0,0,2,0,2,0,4,3,-5,0,0,0,1,1,1,1,0,0,1,0,0,1.0
Margarita,9,0,0,0,4,1,3,0,5,6,2,0,1,0,3,0,0,2,0,0,1,0,0,1.0
María,5,1,0,1,3,1,2,0,2,2,6,0,1,0,2,0,0,1,0,0,1,0,0,1.0
Mariano,7,0,0,0,4,1,3,0,3,4,7,0,1,0,2,1,0,1,1,0,1,0,0,1.0
Marina,6,0,0,0,3,1,2,0,3,5,3,0,1,0,2,0,0,1,1,0,1,0,0,1.0
Mario,5,0,0,0,3,1,2,0,2,2,6,0,1,0,1,1,0,1,0,0,1,0,0,1.0
Marta,5,0,0,0,2,0,2,0,3,2,0,0,1,0,2,0,0,1,0,0,1,0,0,1.0
Martín,6,1,0,1,2,1,1,0,4,3,-5,0,0,0,1,0,0,1,1,0,1,0,0,1.0
Mateo,5,0,0,0,3,0,3,0,2,2,6,0,1,1,1,1,0,0,0,0,1,0,0,1.0
Matías,6,1,1,0,3,1,2,0,3,3,1,0,0,0,2,0,1,0,0,0,1,0,0,1.0
Matilde,7,0,0,0,3,1,2,0,4,4,-1,0,1,1,1,0,0,0,0,0,1,0,0,1.0
Mauricio,8,0,0,0,5,3,2,0,3,3,12,0,1,0,1,1,0,1,0,0,1,0,0,1.0
Maximiliano,11,0,0,0,6,3,3,0,5,8,13,0,1,0,2,1,0,0,1,0,2,0,0,1.0
Melchor,7,0,0,0,2,0,2,0,5,2,-9,0,0,1,0,1,0,1,0,0,1,0,0,1.0
Mercedes,8,0,0,0,3,0,3,0,5,5,-6,0,0,3,0,0,1,1,0,0,1,0,0,1.0
Miguel,6,0,0,0,3,2,1,0,3,3,1,0,0,1,0,0,0,0,0,0,1,0,0,1.0
Miqueas,7,0,0,0,4,2,2,0,3,2,5,0,0,1,1,0,1,0,0,0,1,0,0,1.0
Moisés,6,1,0,1,3,1,2,0,3,3,-1,0,0,0,0,1,2,0,0,0,1,0,0,1.0
Mónica,6,1,1,0,3,1,2,0,3,5,3,0,1,0,1,0,0,0,1,0,1,0,0,1.0
Montserrat,10,0,0,0,3,0,3,1,7,3,-17,0,0,1,1,1,1,2,1,0,1,0,0,1.0
Narciso,7,0,0,0,3,1,2,0,4,4,1,0,1,0,1,1,1,1,1,0,0,0,0,1.0
Natalia,7,0,0,0,4,1,3,0,3,4,9,0,1,0,3,0,0,0,1,0,0,0,0,1.0
Nazario,7,0,0,0,4,1,3,0,3,4,9,0,1,0,2,1,0,1,1,0,0,0,0,1.0
Nemesio,7,0,0,0,4,1,3,0,3,4,9,0,1,2,0,1,1,0,1,0,1,0,0,1.0
Nicanor,7,0,0,0,3,1,2,0,4,6,-3,0,0,0,1,1,0,1,2,0,0,0,0,1.0
Nicodemo,8,0,0,0,4,1,3,0,4,7,4,0,1,1,0,2,0,0,1,0,1,0,0,1.0
Nicolás,7,1,0,1,3,1,2,0,4,6,-3,0,0,0,0,1,1,0,1,0,0,0,0,1.0
Nicomedes,9,0,0,0,4,1,3,0,5,8,-4,0,0,2,0,1,1,0,1,0,1,0,0,1.0
Nieves,6,0,0,0,3,1,2,0,3,3,-1,0,0,2,0,0,1,0,1,0,0,0,0,1.0
Noé,3,1,0,1,2,0,2,0,1,0,3,0,1,0,0,1,0,0,1,0,0,0,0,1.0
Norberto,8,0,0,0,3,0,3,0,5,3,-4,0,1,1,0,2,0,2,1,0,0,0,0,1.0
Octavio,7,0,0,0,4,1,3,0,3,2,7,1,1,0,1,2,0,0,0,0,0,0,0,1.0
Odón,4,1,1,0,2,0,2,0,2,3,-2,1,0,0,0,1,0,0,1,0,0,0,0,1.0
Onésimo,7,1,1,0,4,1,3,0,3,6,3,1,1,0,0,2,1,0,1,0,1,0,0,1.0
Orestes,7,0,0,0,3,0,3,0,4,4,-7,1,0,2,0,1,2,1,0,0,0,0,0,1.0
Oriol,5,0,0,0,3,1,2,0,2,2,0,1,0,0,0,2,0,1,0,0,0,0,0,1.0
Óscar,5,1,1,0,2,0,2,0,3,2,-4,1,0,0,1,0,1,1,0,0,0,0,0,1.0
Oseas,5,0,0,0,3,0,3,0,2,2,0,1,0,1,1,1,2,0,0,0,0,0,0,1.0
Oswaldo,7,0,0,0,3,0,3,0,4,2,-3,1,1,0,1,2,1,0,0,0,0,0,1,1.0
Otilia,6,0,0,0,4,2,2,0,2,3,7,1,1,0,1,1,0,0,0,0,0,0,0,1.0
Oto,3,0,0,0,2,0,2,0,1,2,1,1,1,0,0,2,0,0,0,0,0,0,0,1.0
Pablo,5,0,0,0,2,0,2,0,3,2,0,0,1,0,1,1,0,0,0,0,0,0,0,1.0
Pancracio,9,0,0,0,4,1,3,0,5,2,6,0,1,0,2,1,0,1,1,0,0,0,0,1.0
Patricio,8,0,0,0,4,2,2,0,4,3,8,0,1,0,1,1,0,1,0,0,0,0,0,1.0
Paula,5,0,0,0,3,1,2,0,2,2,4,0,1,0,2,0,0,0,0,0,0,0,0,1.0
Pedro,5,0,0,0,2,0,2,0,3,2,0,0,1,1,0,1,0,1,0,0,0,0,0,1.0
Petronila,9,0,0,0,4,1,3,0,5,6,2,0,1,1,1,1,0,1,1,0,0,0,0,1.0
Pío,3,1,1,0,2,1,1,0,1,0,3,0,1,0,0,1,0,0,0,0,0,0,0,1.0
Poncio,6,0,0,0,3,1,2,0,3,1,5,0,1,0,0,2,0,0,1,0,0,0,0,1.0
Porfirio,8,0,0,0,4,2,2,0,4,3,8,0,1,0,0,2,0,2,0,0,0,0,0,1.0
Primo,5,0,0,0,2,1,1,0,3,2,2,0,1,0,0,1,0,1,0,0,1,0,0,1.0
Priscila,8,0,0,0,3,2,1,0,5,3,0,0,1,0,1,0,1,1,0,0,0,0,0,1.0
Probo,5,0,0,0,2,0,2,0,3,2,2,0,1,0,0,2,0,1,0,0,0,0,0,1.0
Rafael,6,0,0,0,3,0,3,0,3,3,1,0,0,1,2,0,0,1,0,0,0,0,0,1.0
Raimundo,8,0,0,0,4,2,2,0,4,3,0,0,1,0,1,1,0,1,1,0,1,0,0,1.0
Ramiro,6,0,0,0,3,1,2,0,3,5,3,0,1,0,1,1,0,2,0,0,1,0,0,1.0
Ramón,5,1,0,1,2,0,2,0,3,4,-2,0,0,0,1,0,0,1,1,0,1,0,0,1.0
Raúl,4,1,1,0,2,1,1,0,2,1,0,0,0,0,1,0,0,1,0,0,0,0,0,1.0
Rebeca,6,0,0,0,3,0,3,0,3,5,3,0,1,2,1,0,0,1,0,0,0,0,0,1.0
Reinaldo,8,0,0,0,4,1,3,0,4,3,0,0,1,1,1,1,0,1,1,0,0,0,0,1.0
Renato,6,0,0,0,3,0,3,0,3,5,3,0,1,1,1,1,0,1,1,0,0,0,0,1.0
Ricardo,7,0,0,0,3,1,2,0,4,4,-1,0,1,0,1,1,0,2,0,0,0,0,0,1.0
Rigoberto,9,0,0,0,4,1,3,0,5,6,-2,0,1,1,0,2,0,2,0,0,0,0,0,1.0
Rita,4,0,0,0,2,1,1,0,2,3,2,0,1,0,1,0,0,1,0,0,0,0,0,1.0
Roberto,7,0,0,0,3,0,3,0,4,4,-1,0,1,1,0,2,0,2,0,0,0,0,0,1.0
Rodrigo,7,0,0,0,3,1,2,0,4,4,1,0,1,0,0,2,0,2,0,0,0,0,0,1.0
Rogelio,7,0,0,0,4,1,3,0,3,4,9,0,1,1,0,2,0,1,0,0,0,0,0,1.0
Román,5,1,0,1,2,0,2,0,3,4,-2,0,0,0,0,1,0,1,1,0,1,0,0,1.0
Romualdo,8,0,0,0,4,1,3,0,4,3,2,0,1,0,1,2,0,1,0,0,1,0,0,1.0
Roque,5,0,0,0,3,1,2,0,2,2,6,0,1,1,0,1,0,1,0,0,0,0,0,1.0
Rosalia,7,0,0,0,4,1,3,0,3,4,9,0,1,0,2,1,1,1,0,0,0,0,0,1.0
Rosario,7,0,0,0,4,1,3,0,3,4,9,0,1,0,1,2,1,2,0,0,0,0,0,1.0
Rosendo,7,0,0,0,3,0,3,0,4,4,-1,0,1,1,0,2,1,1,1,0,0,0,0,1.0
Rufo,4,0,0,0,2,1,1,0,2,3,2,0,1,0,0,1,0,1,0,0,0,0,0,1.0
Ruperto,7,0,0,0,3,1,2,0,4,4,-1,0,1,1,0,1,0,2,0,0,0,0,0,1.0
Salomé,6,1,0,1,3,0,3,0,3,5,3,0,1,0,1,1,1,0,0,0,1,0,0,1.0
Salomón,7,1,0,1,3,0,3,0,4,6,-3,0,0,0,1,1,1,0,1,0,1,0,0,1.0
Salvador,8,0,0,0,3,0,3,0,5,5,-6,0,0,0,2,1,1,1,0,0,0,0,0,1.0
Salvio,6,0,0,0,3,1,2,0,3,1,5,0,1,0,1,1,1,0,0,0,0,0,0,1.0
Samuel,6,0,0,0,3,1,2,0,3,3,1,0,0,1,1,0,1,0,0,0,1,0,0,1.0
Sansón,6,1,0,1,2,0,2,0,4,3,-5,0,0,0,1,0,2,0,2,0,0,0,0,1.0
Santiago,8,0,0,0,4,1,3,0,4,3,6,0,1,0,2,1,1,0,1,0,0,0,0,1.0
Sara,4,0,0,0,2,0,2,0,2,3,2,0,1,0,2,0,1,1,0,0,0,0,0,1.0
Sebastián,9,1,0,1,4,1,3,0,5,4,-2,0,0,1,1,0,2,0,1,0,0,0,0,1.0
Segismundo,10,0,0,0,4,2,2,0,6,5,-7,0,1,1,0,1,2,0,1,0,1,0,0,1.0
Sergio,6,0,0,0,3,1,2,0,3,1,5,0,1,1,0,1,1,1,0,0,0,0,0,1.0
Severino,8,0,0,0,4,1,3,0,4,7,4,0,1,2,0,1,1,1,1,0,0,0,0,1.0
Simeón,6,1,0,1,3,1,2,0,3,3,1,0,0,1,0,0,1,0,1,0,1,0,0,1.0
Simón,5,1,0,1,2,1,1,0,3,4,-2,0,0,0,0,0,1,0,1,0,1,0,0,1.0
Siro,4,0,0,0,2,1,1,0,2,3,2,0,1,0,0,1,1,1,0,0,0,0,0,1.0
Sixto,5,0,0,0,2,1,1,0,3,2,0,0,1,0,0,1,1,0,0,0,0,0,0,1.0
Sofía,5,1,0,1,3,1,2,0,2,2,6,0,1,0,1,1,1,0,0,0,0,0,0,1.0
Susana,6,0,0,0,3,1,2,0,3,5,3,0,1,0,2,0,2,0,1,0,0,0,0,1.0
Tadeo,5,0,0,0,3,0,3,0,2,2,6,0,1,1,1,1,0,0,0,0,0,0,0,1.0
Tarsicio,8,0,0,0,4,2,2,0,4,3,8,0,1,0,1,1,1,1,0,0,0,0,0,1.0
Teodora,7,0,0,0,4,0,4,0,3,4,5,0,1,1,1,2,0,1,0,0,0,0,0,1.0
Teodosia,8,0,0,0,5,1,4,0,3,3,12,0,1,1,1,2,1,0,0,0,0,0,0,1.0
Teófanes,8,1,1,0,4,0,4,0,4,5,-2,0,0,2,1,0,1,0,1,0,0,0,0,1.0
Teófila,7,1,1,0,4,1,3,0,3,4,5,0,1,1,1,0,0,0,0,0,0,0,0,1.0
Teresa,6,0,0,0,3,0,3,0,3,5,3,0,1,2,1,0,1,1,0,0,0,0,0,1.0
Timoteo,7,0,0,0,4,1,3,0,3,4,9,0,1,1,0,2,0,0,0,0,1,0,0,1.0
Tito,4,0,0,0,2,1,1,0,2,3,2,0,1,0,0,1,0,0,0,0,0,0,0,1.0
Tobías,6,1,1,0,3,1,2,0,3,3,1,0,0,0,1,1,1,0,0,0,0,0,0,1.0
Tomás,5,1,0,1,2,0,2,0,3,4,-2,0,0,0,0,1,1,0,0,0,1,0,0,1.0
Toribio,7,0,0,0,4,2,2,0,3,4,9,0,1,0,0,2,0,1,0,0,0,0,0,1.0
Ubaldo,6,0,0,0,3,1,2,0,3,3,-1,1,1,0,1,1,0,0,0,0,0,0,0,1.0
Urbano,6,0,0,0,3,1,2,0,3,3,1,1,1,0,1,1,0,1,1,0,0,0,0,1.0
Úrsula,6,1,1,0,3,2,1,0,3,3,1,1,1,0,1,0,1,1,0,0,0,0,0,1.0
Valentín,8,1,0,1,3,1,2,0,5,5,-8,0,0,1,1,0,0,0,2,0,0,0,0,1.0
Valeriano,9,0,0,0,5,1,4,0,4,6,10,0,1,1,2,1,0,1,1,0,0,0,0,1.0
Velerio,7,0,0,0,4,1,3,0,3,4,9,0,1,2,0,1,0,1,0,0,0,0,0,1.0
Venancio,8,0,0,0,4,1,3,0,4,3,6,0,1,1,1,1,0,0,2,0,0,0,0,1.0
Verónica,8,1,1,0,4,1,3,0,4,7,4,0,1,1,1,0,0,1,1,0,0,0,0,1.0
Vicente,7,0,0,0,3,1,2,0,4,4,-1,0,1,2,0,0,0,0,1,0,0,0,0,1.0
Víctor,6,1,1,0,2,1,1,0,4,3,-5,0,0,0,0,1,0,1,0,0,0,0,0,1.0
Victorino,9,0,0,0,4,2,2,0,5,6,2,0,1,0,0,2,0,1,1,0,0,0,0,1.0
Victorio,8,0,0,0,4,2,2,0,4,3,8,0,1,0,0,2,0,1,0,0,0,0,0,1.0
Vidal,5,0,0,0,2,1,1,0,3,4,-2,0,0,0,1,0,0,0,0,0,0,0,0,1.0
Virgilio,8,0,0,0,4,3,1,0,4,3,8,0,1,0,0,1,0,1,0,0,0,0,0,1.0
Vladimiro,9,0,0,0,4,2,2,0,5,6,4,0,1,0,1,1,0,1,0,0,1,0,0,1.0
Wilfredo,8,0,0,0,3,1,2,0,5,3,-2,0,1,1,0,1,0,1,0,0,0,0,1,1.0
Zacarías,8,1,0,1,4,1,3,0,4,5,2,0,0,0,3,0,1,1,0,0,0,0,0,1.0
Zaqueo,6,0,0,0,4,1,3,0,2,1,11,0,1,1,1,1,0,0,0,0,0,0,0,1.0
